<?xml version="1.0" encoding="UTF-8"?>
<!DOCTYPE hibernate-mapping PUBLIC "-//Hibernate/Hibernate Mapping DTD 3.0//EN" 
"http://hibernate.sourceforge.net/hibernate-mapping-3.0.dtd">
<hibernate-mapping>
	<class name="pojo.admission" table="admission">
        		<id name="id" column="id">
            			<generator class="native"/>
        		</id>
			<!-- Z.hbm.xml01  <id name="COL" column="COL" -->
			<property name="student_id" column="student_id" type="int"/>
			<property name="course_id" column="course_id" type="int"/>
			<property name="date_of_admission" column="date_of_admission" type="date"/>
			<property name="admission_by" column="admission_by" type="int"/>
			<property name="fees_charged" column="fees_charged" type="double" />
			<property name="fees_paid" column="fees_paid" type="double"/>
			<property name="fees_balance" column="fees_balance" type="double"/>
			<property name="payment_type" column="payment_type" type="short"/>
			<property name="discount" column="discount" type="double"/>
			<property name="referral" column="referral" type="string"/>
			<property name="asn_no" column="asn_no" type="string"/>
			<property name="location_id" column="location_id" type="int"/>
			<property name="counsellor_id" column="counsellor_id" type="int"/>
	</class>
</hibernate-mapping>
