<?xml version="1.0" encoding="UTF-8"?>
<!DOCTYPE hibernate-mapping PUBLIC "-//Hibernate/Hibernate Mapping DTD 3.0//EN" 
"http://hibernate.sourceforge.net/hibernate-mapping-3.0.dtd">
<hibernate-mapping>
	<class name="pojo.attendence" table="attendence">
        		<id name="id" column="id">
            			<generator class="native"/>
        		</id>
			<!-- Z.hbm.xml01  <id name="COL" column="COL" -->
			<property name="session_id" column="session_id" type="int"/>
			<property name="student_id" column="student_id"  type="int"/>
	</class>
</hibernate-mapping>
