<?xml version="1.0" encoding="UTF-8"?>
<!DOCTYPE hibernate-mapping PUBLIC "-//Hibernate/Hibernate Mapping DTD 3.0//EN" 
"http://hibernate.sourceforge.net/hibernate-mapping-3.0.dtd">
<hibernate-mapping>
	<class name="pojo.batch" table="batch">
        		<id name="id" column="id">
            			<generator class="native"/>
        		</id>
			<!-- Z.hbm.xml01  <id name="COL" column="COL" -->
			<property name="name" column="name" type="string"/>
			<property name="course_id" column="course_id"  type="int"/>
			<property name="start_date" column="start_date"  type="date"/>
			<property name="end_date" column="end_date"  type="date"/>
		
	</class>
</hibernate-mapping>
