<?xml version="1.0" encoding="UTF-8"?>
<!DOCTYPE hibernate-mapping PUBLIC "-//Hibernate/Hibernate Mapping DTD 3.0//EN" 
"http://hibernate.sourceforge.net/hibernate-mapping-3.0.dtd">
<hibernate-mapping>
	<class name="pojo.certificate" table="certificate">
        		<id name="id" column="id">
            			<generator class="native"/>
        		</id>
			<!-- Z.hbm.xml01  <id name="COL" column="COL" -->
			<property name="student_id" column="student_id"  type="int"/>
			<property name="course_id" column="course_id"  type="int"/>
			<property name="grade" column="grade" type="string"/>
			<property name="date" column="date" type="date"/>
			<property name="performance" column="performance" type="string"/>
			<property name="comments" column="comments" type="string"/>
		
	</class>
</hibernate-mapping>
