<?xml version="1.0" encoding="UTF-8"?>
<!DOCTYPE hibernate-mapping PUBLIC "-//Hibernate/Hibernate Mapping DTD 3.0//EN" 
"http://hibernate.sourceforge.net/hibernate-mapping-3.0.dtd">
<hibernate-mapping>
	<class name="pojo.communication" table="communication">
        	<id name="id" column="id"><generator class="native"/></id>
			<!-- Z.hbm.xml01  <id name="COL" column="COL" -->
			<property name="type" column="type" type = "int" />
			<property name="from1" column="from1" type = "int" />
			<property name="to1" column="to1" type = "int" />
			<property name="subject" column="subject" type = "string" />
			<property name="message" column="message" type = "string" />
	</class>
</hibernate-mapping>
