<?xml version="1.0" encoding="UTF-8"?>
<!DOCTYPE hibernate-mapping PUBLIC "-//Hibernate/Hibernate Mapping DTD 3.0//EN" 
"http://hibernate.sourceforge.net/hibernate-mapping-3.0.dtd">
<hibernate-mapping>
	<class name="pojo.counsell_student" table="counsell_student">
        		<id name="id" column="id">
            			<generator class="native"/>
        		</id>
			<!-- Z.hbm.xml01  <id name="COL" column="COL" -->
			<property name="dttm" column="dttm" type="string"/>
			<property name="counsell_by_id" column="counsell_by_id" type="int"/>
			<property name="name" column="name" type="string"/>
			<property name="requirement" column="requirement" type="string"/>
			<property name="interest_area" column="interest_area" type="string"/>
			<property name="suggested_course" column="suggested_course" type="string"/>
			<property name="expected_joining" column="expected_joining" type="string"/>
			<property name="mobile" column="mobile" type="string"/>
			<property name="email" column="email" type="string"/>
			<property name="address" column="address" type="string"/>
			<property name="education" column="education" type="string"/>
			<property name="more_info" column="more_info" type="string"/>
		
	</class>
</hibernate-mapping>
