<?xml version="1.0" encoding="UTF-8"?>
<!DOCTYPE hibernate-mapping PUBLIC "-//Hibernate/Hibernate Mapping DTD 3.0//EN" 
"http://hibernate.sourceforge.net/hibernate-mapping-3.0.dtd">
<hibernate-mapping>
	<class name="pojo.coursesubjecttopic" table="coursesubjecttopic">
        		<id name="id" column="id">
            			<generator class="native"/>
        		</id>
			<!-- Z.hbm.xml01  <id name="COL" column="COL" -->
			<property name="course_id" column="course_id" type="int"/>
			<property name="subject_id" column="subject_id" type="int"/>
			<property name="topic_id" column="topic_id" type="int"/>
		
	</class>
</hibernate-mapping>
