<?xml version="1.0" encoding="UTF-8"?>
<!DOCTYPE hibernate-mapping PUBLIC "-//Hibernate/Hibernate Mapping DTD 3.0//EN" 
"http://hibernate.sourceforge.net/hibernate-mapping-3.0.dtd">
<hibernate-mapping>
	<class name="pojo.course" table="course">
        		<id name="id" column="id">
            			<generator class="native"/>
        		</id>
			<!-- Z.hbm.xml01  <id name="COL" column="COL" -->
			<property name="name" column="name" />
			<property name="description" column="description" />
			<property name="hours" column="hours" type="int"/>
			<property name="fees" column="fees"  type="int"/>
			<property name="logo" column="logo" />
	</class>
</hibernate-mapping>
