<?xml version="1.0" encoding="UTF-8"?>
<!DOCTYPE hibernate-mapping PUBLIC "-//Hibernate/Hibernate Mapping DTD 3.0//EN" 
"http://hibernate.sourceforge.net/hibernate-mapping-3.0.dtd">
<hibernate-mapping>
	<class name="pojo.exam" table="exam">
        		<id name="id" column="id">
            			<generator class="native"/>
        		</id>
			<!-- Z.hbm.xml01  <id name="COL" column="COL" -->
			<property name="type" column="type" type="short"/>
			<property name="student_id" column="student_id" type="int"/>
			<property name="course_id" column="course_id" type="int"/>
			<property name="subject_id" column="subject_id" type="int"/>
			<property name="topic_id" column="topic_id" type="int"/>
			<property name="marks" column="marks" type="short"/>
			<property name="dttm" column="dttm" type="string"/>
		
	</class>
</hibernate-mapping>
