<?xml version="1.0" encoding="UTF-8"?>
<!DOCTYPE hibernate-mapping PUBLIC "-//Hibernate/Hibernate Mapping DTD 3.0//EN" 
"http://hibernate.sourceforge.net/hibernate-mapping-3.0.dtd">
<hibernate-mapping>
	<class name="pojo.feedback" table="feedback">
        		<id name="id" column="id">
            			<generator class="native"/>
        		</id>
			<!-- Z.hbm.xml01  <id name="COL" column="COL" -->
			<property name="from1" column="from1" type="string"/>
			<property name="for1" column="for1" type="string"/>
			<property name="type" column="type" type="string"/>
			<property name="suggestion" column="suggestion" type="string"/>
			<property name="comment" column="comment" type="string"/>
			<property name="level" column="level" type = "int"/>	
	</class>
</hibernate-mapping>
