<?xml version="1.0" encoding="utf-8"?>
<!DOCTYPE hibernate-configuration PUBLIC
"-//Hibernate/Hibernate Configuration DTD 3.0//EN"
"http://www.hibernate.org/dtd/hibernate-configuration-3.0.dtd">

<hibernate-configuration>
	<session-factory>
		<property name="hibernate.dialect">org.hibernate.dialect.MySQL5Dialect</property>
		<property name="hibernate.connection.driver_class">com.mysql.jdbc.Driver</property>
		<property name="hibernate.connection.url">jdbc:mysql://localhost:3306/sms</property>
		<property name="hibernate.connection.username">root</property>
		<property name="hibernate.connection.password">Kam123!@#</property>
			
		<property name="show_sql">true</property>
		<property name="format_sql">true</property>
		<property name="hbm2ddl.auto">update </property>

		<!-- <%// hibernate.cfg.xml1  <mapping resource="X.hbm.xml" />  %>  -->
		<mapping resource="lookup.hbm.xml" />
		<mapping resource="course.hbm.xml" />
		<mapping resource="subject.hbm.xml" />
		<mapping resource="topic.hbm.xml" />
		<mapping resource="coursesubjecttopic.hbm.xml" />
		<mapping resource="question_bank.hbm.xml" />
		<mapping resource="question_paper.hbm.xml" />
		<mapping resource="counsellor.hbm.xml" />
		<mapping resource="counsell_student.hbm.xml" />
		<mapping resource="student.hbm.xml" />
		<mapping resource="admission.hbm.xml" />
		<mapping resource="transaction.hbm.xml" />
		<mapping resource="faculty.hbm.xml" />
		<mapping resource="location.hbm.xml" />
		<mapping resource="venue.hbm.xml" />
		<mapping resource="batch.hbm.xml" />
		<mapping resource="batchstudents.hbm.xml" />
		<mapping resource="schedule.hbm.xml" />
		<mapping resource="session.hbm.xml" />
		<mapping resource="attendence.hbm.xml" />
		<mapping resource="exam.hbm.xml" />
		<mapping resource="certificate.hbm.xml" />
		<mapping resource="admin.hbm.xml" />
		<mapping resource="feedback.hbm.xml" />
		<mapping resource="documents.hbm.xml" />
		<mapping resource="communication.hbm.xml" />
		<mapping resource="studymaterial.hbm.xml" />

	</session-factory>
</hibernate-configuration>
