<?xml version="1.0" encoding="UTF-8"?>
<!DOCTYPE hibernate-mapping PUBLIC "-//Hibernate/Hibernate Mapping DTD 3.0//EN" 
"http://hibernate.sourceforge.net/hibernate-mapping-3.0.dtd">
<hibernate-mapping>
	<class name="pojo.location" table="location">
        		<id name="id" column="id">
            			<generator class="native"/>
        		</id>
			<!-- Z.hbm.xml01  <id name="COL" column="COL" -->
			<property name="name" column="name" type="string"/>
			<property name="facility" column="facility" type="string"/>
			<property name="address" column="address" type="string"/>
			<property name="contact_person" column="contact_person" type="string"/>
			<property name="phone_number" column="phone_number" type="string"/>
			<property name="classrooms" column="classrooms" type="string"/>
			<property name="labs" column="labs" type="string"/>
			<property name="details" column="details" type="string"/>
		
	</class>
</hibernate-mapping>
