<?xml version="1.0" encoding="UTF-8"?>
<!DOCTYPE hibernate-mapping PUBLIC "-//Hibernate/Hibernate Mapping DTD 3.0//EN" 
"http://hibernate.sourceforge.net/hibernate-mapping-3.0.dtd">
<hibernate-mapping>
	<class name="pojo.lookup" table="lookup">
        		<id name="id" column="id">
            			<generator class="native"/>
        		</id>
			<!-- Z.hbm.xml01  <id name="COL" column="COL" -->
			<property name="type" column="type" type="string"/>
			<property name="scode" column="scode" type="string"/>
			<property name="icode" column="icode" type="int"/>
			<property name="value" column="value" type="string"/>
			<property name="fixed" column="fixed" type="character"/>
			<property name="enabled" column="enabled" type="character"/>
		
	</class>
</hibernate-mapping>
