<?xml version="1.0" encoding="UTF-8"?>
<!DOCTYPE hibernate-mapping PUBLIC "-//Hibernate/Hibernate Mapping DTD 3.0//EN" 
"http://hibernate.sourceforge.net/hibernate-mapping-3.0.dtd">
<hibernate-mapping>
	<class name="pojo.question_paper" table="question_paper">
        		<id name="id" column="id">
            			<generator class="native"/>
        		</id>
			<!-- Z.hbm.xml01  <id name="COL" column="COL" -->
			<property name="set_id" column="set_id" />
			<property name="total_number_of_question" column="total_number_of_question" />
			<property name="number_of_questions_to_answer" column="number_of_questions_to_answer" />
			<property name="question" column="question" />
			<property name="marks" column="marks" />
			<property name="answer" column="answer" />
			<property name="allocated_time" column="allocated_time" />
		
	</class>
</hibernate-mapping>
