<?xml version="1.0" encoding="UTF-8"?>
<!DOCTYPE hibernate-mapping PUBLIC "-//Hibernate/Hibernate Mapping DTD 3.0//EN" 
"http://hibernate.sourceforge.net/hibernate-mapping-3.0.dtd">
<hibernate-mapping>
	<class name="pojo.question_bank" table="question_bank">
        		<id name="id" column="id">
            			<generator class="native"/>
        		</id>
			<!-- Z.hbm.xml01  <id name="COL" column="COL" -->
			<property name="course_id" column="course_id"  type="int"/>
			<property name="subject_id" column="subject_id" type="int"/>
			<property name="topic_id" column="topic_id"  type="int"/>
			<property name="set_id" column="set_id"  type="int"/>
			<property name="question" column="question" type="string"/>
			<property name="a" column="a" type="string"/>
			<property name="b" column="b" type="string"/>
			<property name="c" column="c" type="string"/>
			<property name="d" column="d" type="string"/>
			<property name="correct" column="correct" type="character"/>
			<property name="complexcity" column="complexcity"  type="short"/>
			<property name="answer_time" column="answer_time"  type="short"/>
	</class>
</hibernate-mapping>
