<?xml version="1.0" encoding="UTF-8"?>
<!DOCTYPE hibernate-mapping PUBLIC "-//Hibernate/Hibernate Mapping DTD 3.0//EN" 
"http://hibernate.sourceforge.net/hibernate-mapping-3.0.dtd">
<hibernate-mapping>
	<class name="pojo.schedule" table="schedule">
        		<id name="id" column="id">
            			<generator class="native"/>
        		</id>
			<!-- Z.hbm.xml01  <id name="COL" column="COL" -->
			<property name="course_id" column="course_id" type="int"/>
			<property name="start_date" column="start_date"  type="date"/>
			<property name="end_date" column="end_date"  type="date"/>
			<property name="location_id" column="location_id" type="int"/>
			<property name="faculty_id" column="faculty_id" type="int"/>
			<property name="batch_id" column="batch_id" type="int"/>
		
	</class>
</hibernate-mapping>
