<?xml version="1.0" encoding="UTF-8"?>
<!DOCTYPE hibernate-mapping PUBLIC "-//Hibernate/Hibernate Mapping DTD 3.0//EN" 
"http://hibernate.sourceforge.net/hibernate-mapping-3.0.dtd">
<hibernate-mapping>
	<class name="pojo.session" table="session">
        		<id name="id" column="id">
            			<generator class="native"/>
        		</id>
			<!-- Z.hbm.xml01  <id name="COL" column="COL" -->
			<property name="date" column="date" type="date"/>
			<property name="location_id" column="location_id"  type="int"/>
			<property name="venue_id" column="venue_id"  type="int"/>
			<property name="start_time" column="start_time"  type="string"/>
			<property name="end_time" column="end_time"  type="string"/>
			<property name="course_id" column="course_id"  type="int"/>
			<property name="subject_id" column="subject_id"  type="int"/>
			<property name="topic_id" column="topic_id"  type="int"/>
			<property name="faculty_id" column="faculty_id"  type="int"/>
			<property name="batch_id" column="batch_id"  type="int"/>
		
	</class>
</hibernate-mapping>
