<?xml version="1.0" encoding="UTF-8"?>
<!DOCTYPE hibernate-mapping PUBLIC "-//Hibernate/Hibernate Mapping DTD 3.0//EN" 
"http://hibernate.sourceforge.net/hibernate-mapping-3.0.dtd">
<hibernate-mapping>
	<class name="pojo.student" table="student">
        		<id name="id" column="id">
            			<generator class="native"/>
        		</id>
			<!-- Z.hbm.xml01  <id name="COL" column="COL" -->
			<property name="name" column="name"  type="string" />
			<property name="education" column="education"  type="string" />
			<property name="mobile" column="mobile"  type="string" />
			<property name="email" column="email"  type="string" />
			<property name="address" column="address"  type="string" />
			<property name="username" column="username"  type="string" />
			<property name="password" column="password"  type="string" />
			<property name="status" column="status"  type="short" />
			<property name="lastlogin" column="lastlogin"  type="timestamp" />
			<property name="nofailedlogins" column="nofailedlogins"  type="short" />
		
	</class>
</hibernate-mapping>
