<?xml version="1.0" encoding="UTF-8"?>
<!DOCTYPE hibernate-mapping PUBLIC "-//Hibernate/Hibernate Mapping DTD 3.0//EN" 
"http://hibernate.sourceforge.net/hibernate-mapping-3.0.dtd">
<hibernate-mapping>
	<class name="pojo.subject" table="subject">
        		<id name="id" column="id">
            			<generator class="native"/>
        		</id>
			<!-- Z.hbm.xml01  <id name="COL" column="COL" -->
			<property name="name" column="name" type="string"/>
			<property name="description" column="description" type="string"/>
			<property name="hours" column="hours" type="int"/>
		
	</class>
</hibernate-mapping>
