<?xml version="1.0" encoding="UTF-8"?>
<!DOCTYPE hibernate-mapping PUBLIC "-//Hibernate/Hibernate Mapping DTD 3.0//EN" 
"http://hibernate.sourceforge.net/hibernate-mapping-3.0.dtd">
<hibernate-mapping>
	<class name="pojo.transaction" table="transaction">
        		<id name="id" column="id">
            			<generator class="native"/>
        		</id>
			<!-- Z.hbm.xml01  <id name="COL" column="COL" -->
			<property name="admission_id" column="admission_id" type ="int" />
			<property name="student_id" column="student_id" type ="int" />
			<property name="type" column="type"  type ="int"/>
			<property name="amount" column="amount" type ="double"/>
			<property name="receipt" column="receipt"  type="string"/>
			<property name="balance" column="balance" type ="double"/>
			<property name="narration" column="narration"  type="string"/>
	</class>
</hibernate-mapping>
