<?xml version="1.0" encoding="UTF-8"?>
<!DOCTYPE hibernate-mapping PUBLIC "-//Hibernate/Hibernate Mapping DTD 3.0//EN" 
"http://hibernate.sourceforge.net/hibernate-mapping-3.0.dtd">
<hibernate-mapping>
	<class name="pojo.venue" table="venue">
        		<id name="id" column="id">
            			<generator class="native"/>
        		</id>
			<!-- Z.hbm.xml01  <id name="COL" column="COL" -->
			<property name="name" column="name" type="string"/>
			<property name="location_id" column="location_id" type="int"/>
			<property name="type" column="type" type="short"/>
			<property name="details" column="details" type="string"/>
		
	</class>
</hibernate-mapping>
